## Non-crossover (NCO) locations and related properties described in Williams et al. (in revision).
## Column 1, NCO_SNP: rs id of NCO site
## Column 2, chrom: chromosome
## Column 3, pos: position on chromosome in GRCh37 coordinates; determined by aligning probe sequences to the reference genome (see Methods "Quality control procedures applied to full dataset")
## Column 4, event: numerical id for each event; each SNP in a multi-SNP NCO has the same event number
## Column 5, rate_count: count of the site for computing the genome-wide rate of NCO, ambiguous events have a count of .5; sites identified with non-standard ascertainment have a count of 0 (see Methods "Inclusion criteria")
## Column 6, CpG_site: indicates (Y for yes, N for no) whether one of the alleles occurs at a CpG di-nucleotide
## Column 7-8, a1 & a2: the two alleles for the SNP
## Column 9, sex: the sex of the transmitting parent (M for male, F for female)
## Column 10, GC_trans: indicates (Y/N) whether a GC allele was transmitted; note that ambiguous sites do not contribute to the GC bias rate calculation
## Column 11, recipient_het: indicates (Y/N) whether the recipient of the NCO site is heterozygous
## Column 12, other_parent_het: indicates (Y/N) whether the other parent (i.e., the partner of the transmitting parent) is heterozygous
## Column 13, WGS_validation: indicates which samples were available and used to validate the SNP array genotype calls; NA indicates that data were not available and validation was not attempted. For non-blank entries, individuals each letter corresponds to an individual:
##            T for the transmitting parent; O for the other parent; R for the NCO recipient; S for a sibling (uppercase S indicates that the sibling received the allele that was putatively affected by NCO; lower case s indicates the sibling received the allele from the non-recombined haplotype);
##            G for grandchild (uppercase G indicates the grandchild received the NCO allele; lower case g indicates the grandchild received the allele from the other parent); P for partner of the recipient; and x indicates that there is a mismatch (this includes either either a lowercase t for a mismatch in the transmitting parent or a lowercase r for a mismatch in the recipient).
##            The site with No_call in this column has sequence data available for relevant samples, but the sequence data do not contain a genotype call at the position.
##            (See methods "Validating non-crossover events")
## Column 14, SNP_density: either D for a NCO site discovered in the high SNP density dataset or L for a NCO site from the low SNP density dataset
## Column 15, type: takes on one of the following values: Tract, for a multi-SNP NCO event; NCO_cluster for NCO events ascertained in the SNP array data that occur in close proximity to each other;
##            CO_cluster_A or CO_cluster_B for NCO events that cluster near a crossover and are consequently ambiguous as to which site(s) experienced NCO (the A/B letter indicates which parental haplotype the allele descends from; these A/B labels are arbitrary);
##            N for a single SNP NCO event. 
##            Sites can be part of a Tract and a NCO_cluster or CO_cluster and both values, separated by a comma, appear in the field in that case
## Column 16, HapMap_rate: HapMap2 linkage disequilibrium recombination rate (see Methods "Crossover and recombination rates")
## Column 17, deCODE_rate: deCODE crossover rate; some sites do not have a rate reported in the deCODE map and have the NA (see Methods "Crossover and recombination rates")
## Column 18, hotspot_count: count for site for calculating the number of sites that fall in crossover hotspots (see Methods "Inclusion criteria"); only one site per tract has a count of 1
## Column 19, rs6889665: genotype call for this SNP, which is in strong linkage disequilibrium with the PRDM9 C variant; 0 indicates the sample is homozygous ancestral and likely carries only PRDM9 A or B alleles, while 1 indicates the sample likely carries PRDM9 C alleles (see Methods "PRDM9 variants")
## Column 20, DSB_prdm9A_hotspot: indicates (1 for yes, 0 for no) whether the site overlaps a DSB hotspot from the PRDM9 A DSB map reported by Pratto et al. (2014)
## Column 21, HapMap_hotspot: indicates (1 for yes, 0 for no) whether the site overlaps a linkage disequilibrium-defined hotspot based on the HapMap recombination map
## Column 22, SNP_PRDM9_motif: indicates (Y for yes, N for no) whether the SNP site is a non-degenerate base within a PRDM9 motif that matches at least 6 of the 8 non-degenerate bases
## Column 23, Fig3_tract: tract number in Figure 3, NA if not included in the Figure
## Column 24, haplo_num: haplotype number in Figure 4, NA if not included in the Figure
NCO_SNP	chrom	pos	event	rate_count	CpG_site	a1	a2	sex	GC_trans	recipient_het	other_parent_het	WGS_validation	SNP_density	type	HapMap_rate	deCODE_rate	hotspot_count	rs6889665	DSB_prdm9A_hotspot	HapMap_hotspot	SNP_PRDM9_motif	Fig3_tract	haplo_num
rs4347199	1	118526592	58	.5	Y	A	G	F	N	N	N	TORSSGP	L	CO_cluster_A	1.829467	1.66115487035654	.5	NA	0	1	N	NA	13,19
rs749003	1	118531980	58	.5	Y	T	C	F	Y	Y	N	TORSSGP	L	CO_cluster_B	0.581527	0.00431810891541318	.5	NA	0	0	N	NA	13,19
rs2226273	1	198097051	74	1	N	A	G	M	Y	Y	N	TORGP	D	N	5.240165	1.35377723652255	1	0	1	1	N	NA	NA
rs701164	1	230685255	4	1	N	G	A	F	Y	N	Y	NA	D	N	12.146157	16.1024174781062	1	0	1	1	N	3	NA
rs11585647	1	247507887	80	1	Y	C	T	M	Y	N	N	TORSSg	D	N	1.925585	NA	1	0	0	0	N	2	4
rs10904103	10	3872876	82	1	Y	C	T	M	N	N	Y	TORSSG	D	N	31.831424	48.1145091863517	1	0	1	1	N	NA	7
rs2768716	10	14818820	52	1	Y	A	G	F	N	Y	Y	NA	L	N	16.400510	12.7821211586014	1	NA	0	1	N	NA	NA
rs2298126	10	16558985	64	0	N	C	A	F	Y	N	Y	TORSSgP	L	N	3.288349	1.18500722047301	1	NA	0	0	N	9	12
rs1393957	11	19172911	83	1	Y	T	C	F	Y	Y	N	TORSSg	D	N	0.569770	0.0274687542919594	1	0	0	0	N	NA	8
rs12223676	11	69907249	9	1	Y	C	T	F	N	N	Y	NA	D	N	11.884855	3.08755341916225	1	0	0	0	N	NA	NA
rs1215047	11	75759378	73	1	N	A	C	F	N	N	N	xtOGP	D	N	0.019100	0.0132258731142088	1	0	0	0	N	NA	NA
rs10047441	11	99815753	30	1	Y	G	A	M	Y	N	N	NA	L	N	1.494012	0.250427469057968	1	NA	0	0	N	NA	NA
rs10895115	11	101352427	20	1	N	T	G	M	N	Y	Y	TORs	D	N	4.307756	0.116715946732882	1	0	0	1	N	NA	NA
rs740355	12	1723228	54	1	N	C	T	M	Y	N	Y	_TOSgP	D	N	2.065905	NA	1	1	0	0	N	NA	NA
rs640814	12	4069521	22	1	Y	G	A	M	Y	Y	N	ORss	D	N	24.430140	24.1033023878658	1	0	1	0	N	NA	NA
rs10492181	12	5749363	84	1	N	T	C	M	Y	Y	N	TORSSG	D	N	19.356655	24.4799228042233	1	0	1	1	N	NA	9
rs9552370	13	21729064	3	1	N	G	A	M	Y	N	N	NA	D	N	0.792285	NA	1	0	0	0	N	NA	NA
rs1956328	14	48306780	87	1	Y	T	C	F	Y	N	N	NA	L	N	3.287131	2.9888531974386	1	NA	1	1	N	NA	NA
rs9888717	15	23755449	55	1	Y	G	A	F	Y	Y	N	TOSGP	D	Tract	9.981170	NA	1	0	0	1	N	20	NA
rs1405186	15	23755713	55	1	N	G	A	F	Y	Y	N	TOSGP	D	Tract	10.042265	NA	0	0	0	1	N	20	NA
rs12901610	15	85465873	45	1	Y	G	A	F	Y	N	N	NA	L	N	3.774357	2.01786253498142	1	NA	0	1	N	NA	NA
rs11857443	15	100729706	15	1	N	G	A	M	Y	N	N	NA	D	N	2.460175	NA	1	0	1	0	N	10	NA
rs4419043	15	100745680	67	1	Y	G	A	F	Y	Y	Y	TSSGP	L	N	29.633471	NA	1	NA	1	1	N	NA	NA
rs7194309	16	54268659	42	1	Y	T	C	M	Y	N	N	NA	D	N	8.416534	1.17808610021797	1	1	0	1	N	NA	NA
rs7200935	16	69564497	16	1	Y	T	C	F	N	Y	N	NA	D	N	0.195997	0.000287528177977947	1	0	0	0	N	NA	NA
rs7219550	17	7401671	24	1	N	G	A	M	Y	N	N	NA	D	N	0.271946	0.0536049316536946	1	1	1	0	N	NA	NA
rs16972050	17	34463094	56	1	N	T	C	M	Y	Y	Y	_TOsgP	D	N	7.809958	0.988192831079715	1	1	0	0	N	NA	NA
rs1052169	17	43189049	49	1	Y	T	G	F	Y	Y	N	NA	L	N	0.885387	1.50817260791456	1	NA	0	0	N	NA	NA
rs2074405	17	44866001	77	1	N	C	A	F	Y	Y	Y	TRsSGP	D	N	11.074544	18.7130733893923	1	0	1	1	N	NA	NA
rs1540038	18	47182569	50	1	Y	C	T	F	N	N	Y	NA	L	Tract	6.909134	9.07523419339356	0	NA	0	1	N	16	NA
rs1943969	18	47182838	50	1	N	C	T	F	Y	N	N	NA	L	Tract	6.861498	9.38039623739115	1	NA	1	1	N	16	NA
rs2276186	18	48327815	68	1	Y	A	G	F	Y	Y	Y	TRSgP	L	N	16.465994	17.6009955723543	1	NA	0	0	Y	NA	NA
rs7243833	18	57322606	26	1	N	G	A	F	N	Y	N	NA	D	N	4.964306	2.96124489836842	1	0	1	1	N	NA	NA
rs12954548	18	62305405	57	1	Y	G	T	M	N	Y	N	TOSGP	D	Tract	1.032678	0.139324561317267	1	1	0	0	N	19	NA
rs6566131	18	62306527	57	1	N	T	C	M	N	Y	N	TOSGP	D	Tract	1.021140	0.00678334011610104	0	1	0	0	N	19	NA
rs872664	19	6311818	39	1	Y	G	A	F	Y	N	Y	NA	D	N	17.714512	7.60654940867038	1	0	1	1	N	NA	NA
rs929777	19	47222310	85	1	N	G	A	M	Y	Y	Y	TSSSGP	D	N	0.342496	0.025617670500111	1	0	0	0	N	NA	NA
rs1716274	19	49706736	65	1	N	T	G	F	Y	Y	Y	TORSSGP	L	N	7.086865	2.43415285422941	1	NA	0	1	N	NA	2
rs11881919	19	56978525	10	1	N	T	G	M	Y	Y	Y	NA	D	N	1.391946	NA	1	0	1	1	N	NA	NA
rs6717613	2	309480	28	1	Y	G	A	M	N	Y	Y	TOGP	D	N	9.340856	NA	1	0	1	1	N	NA	NA
rs2113820	2	53355627	36	1	N	G	T	M	N	Y	N	NA	D	N	14.776747	3.61841959606721	1	0	1	1	N	NA	NA
rs7609111	2	76975383	43	1	N	G	A	F	N	N	N	NA	L	NCO_cluster	3.091294	0.0240926490889137	1	NA	0	1	N	NA	16
rs1517771	2	77014577	43	1	N	T	C	F	Y	Y	N	NA	L	NCO_cluster,Tract	3.997621	2.73215215949563	0	NA	0	0	N	22	16
rs4853273	2	77018329	43	1	Y	G	A	F	Y	N	N	NA	L	NCO_cluster,Tract	3.905728	3.87644431549603	1	NA	0	1	N	22	16
rs716730	2	151429031	51	1	N	G	A	M	Y	N	N	NA	L	N	10.852501	3.22719650491479	1	NA	1	1	N	NA	NA
rs13012540	2	200056608	59	1	N	C	T	F	Y	N	N	TORSSgP	L	N	0.127552	0.00214260079758333	1	NA	0	0	Y	NA	5
rs13419630	2	228056218	40	1	N	G	A	M	Y	Y	Y	NA	D	N	18.369565	37.0932930467205	1	1	1	1	N	NA	NA
rs4663310	2	239480335	25	1	Y	C	A	F	Y	N	N	NA	D	N	4.155929	0.823188348113035	1	0	0	1	N	NA	NA
rs2975748	2	241518989	53	1	N	G	A	M	Y	N	N	_TSP	D	N	2.488724	NA	1	1	0	0	N	14	NA
rs10485487	20	5378864	86	1	N	G	A	M	Y	N	N	xTOrSSG	D	N	19.791516	18.4569699029628	1	0	0	0	N	NA	NA
rs6012200	20	36067873	66	1	Y	G	A	F	Y	N	N	TORSSGP	L	N	14.099518	11.8093778000627	1	NA	1	1	N	1	3
rs3787412	20	60481054	21	1	Y	C	A	F	Y	Y	Y	TORs	D	NCO_cluster	0.521299	NA	1	0	0	0	N	NA	15
rs4925209	20	60511734	21	1	Y	A	G	F	Y	Y	N	_TOs	D	NCO_cluster,Tract	2.003385	NA	1	0	0	1	N	13	15
rs4925323	20	60511737	21	1	Y	T	C	F	Y	Y	N	_TOs	D	NCO_cluster,Tract	2.002826	NA	0	0	0	1	N	13	15
rs4925325	20	60514224	21	1	N	G	A	F	Y	Y	N	TORs	D	NCO_cluster,Tract	1.539834	NA	0	0	0	1	N	13	15
rs2051186	21	33538498	11	1	N	G	A	M	N	N	Y	NA	D	N	3.726848	2.74175580623748	1	0	1	0	N	NA	NA
rs174345	22	18033199	70	1	N	A	G	M	Y	N	Y	NA	L	N	3.261495	NA	1	NA	1	0	N	NA	NA
rs467504	22	18583267	31	.5	Y	C	T	F	N	N	N	NA	L	CO_cluster_A	0.350970	NA	.5	NA	0	0	N	NA	21
rs468789	22	18586169	31	.5	Y	T	C	F	Y	Y	N	NA	L	CO_cluster_B	0.376600	NA	.5	NA	0	0	N	NA	21
rs138054	22	44219572	18	1	Y	G	A	M	N	Y	Y	TOSG	D	N	0.438627	0.0814169643085449	1	0	1	0	N	11	NA
rs787837	3	9727675	71	1	Y	T	C	M	Y	Y	N	TOGP	D	N	1.202195	0.0818196694485351	1	0	1	0	N	NA	NA
rs9881117	3	123702960	41	0	Y	A	G	F	N	N	Y	NA	D	N	1.608192	1.30906965572706	1	0	0	0	N	NA	NA
rs10936761	3	173323691	1	1	N	A	C	F	Y	Y	N	NA	L	N	1.208924	1.89715182774819	1	NA	0	0	N	NA	NA
rs13105678	4	40260379	32	1	Y	A	C	F	N	N	Y	ORssGP	D	N	2.541384	3.99901832679745	1	0	0	0	N	NA	NA
rs1352437	4	84755196	46	1	Y	T	G	F	Y	N	N	NA	L	N	7.778375	3.93161051871544	1	0	0	1	N	NA	NA
rs4148149	4	89062285	12	1	N	A	C	F	N	N	N	NA	D	Tract	2.401212	1.35605131254977	1	0	0	0	N	8	NA
rs13137622	4	89062513	12	1	N	G	T	F	Y	N	N	NA	D	Tract	2.420062	1.36819546343361	0	0	0	0	N	8	NA
rs12509302	4	152164786	13	1	N	G	A	M	Y	N	N	NA	D	N	4.290054	1.58673406153582	1	0	1	1	N	NA	NA
rs2625249	4	156519123	75	0	Y	G	A	M	N	N	Y	_TOSgP	D	N	12.050109	14.609979532699	1	0	1	1	N	NA	NA
rs12640997	4	190245038	72	1	N	C	T	M	Y	N	Y	TOGP	D	N	0.853191	NA	1	0	1	0	Y	NA	NA
rs91315	5	1855301	60	1	N	A	G	F	Y	N	Y	TORSSGP	L	N	4.948984	NA	1	NA	0	1	N	12	10
rs6877265	5	108634128	61	1	N	T	G	F	Y	Y	Y	No_call	L	N	18.718147	35.3800790944106	1	NA	1	1	N	NA	NA
rs1051643	5	126171999	34	0	N	C	T	F	Y	N	Y	TRgP	D	Tract	1.337151	0.309420123767268	1	0	0	1	N	21	NA
rs1051644	5	126172195	34	0	Y	T	C	F	N	N	Y	TRgP	D	Tract	1.360362	0.309420123768689	0	0	0	1	N	21	NA
rs7706554	5	171552219	79	.5	N	C	T	F	Y	N	N	TORG	D	CO_cluster_A,Tract	3.909591	8.14374522684602	.5	0	0	0	N	NA	17
rs2279515	5	171553833	79	.5	N	A	G	F	N	N	N	TORG	D	CO_cluster_A,Tract	3.898081	7.97111167074718	0	0	0	0	N	NA	17
rs2029523	5	171554516	79	.5	Y	T	C	F	Y	Y	N	TORG	D	CO_cluster_B,Tract	3.885133	7.8980579416168	.5	0	0	1	N	18	17
rs882328	5	171554880	79	.5	Y	A	G	F	Y	Y	N	TORG	D	CO_cluster_B,Tract	3.878211	7.85912447543353	0	0	0	1	N	18	17
rs2913851	5	177675217	5	1	Y	G	A	F	N	Y	N	NA	D	N	1.200900	0.085199034410266	1	0	1	0	N	NA	NA
rs1994124	6	2509443	2	1	Y	A	G	F	N	Y	Y	NA	L	N	14.564878	NA	1	NA	0	1	N	NA	NA
rs4305775	6	3296997	17	1	N	T	G	M	N	N	N	TOSGP	D	Tract	14.553147	21.820716187191	1	0	1	1	N	15	NA
rs9378359	6	3297021	17	1	N	G	A	M	Y	N	N	TOSGP	D	Tract	14.553271	21.8449968130179	0	0	1	1	N	15	NA
rs4305776	6	3297090	17	1	N	T	C	M	Y	Y	N	TOSGP	D	Tract	14.553628	21.9148036122701	0	0	1	1	N	15	NA
rs3812205	6	16699949	37	1	N	C	T	M	Y	N	N	NA	D	NCO_cluster	5.723190	11.1304498508609	1	0	0	0	N	7	14
rs13219866	6	16705542	37	0	N	T	G	M	N	Y	Y	NA	D	NCO_cluster,Tract	16.458242	17.2953599350191	1	0	1	1	N	17	14
rs666215	6	16705651	37	1	Y	A	C	M	Y	Y	N	NA	D	NCO_cluster,Tract	16.457963	17.198613156603	0	0	1	1	N	17	14
rs532735	6	16706171	37	1	N	G	A	M	N	Y	N	NA	D	NCO_cluster,Tract	16.441753	16.734659881876	0	0	0	1	N	17	14
rs2844670	6	31005726	69	1	Y	T	C	F	Y	Y	N	NA	L	N	1.412231	1.0030823708199	1	0	0	0	N	NA	NA
rs3818685	6	44280281	62	1	Y	A	G	F	Y	Y	N	TORSSgP	L	N	1.920553	4.99984326229139	1	NA	0	0	N	5	1
rs4708055	6	74167981	38	1	N	A	C	F	Y	Y	N	NA	D	N	0.717261	0.650717123882316	1	0	0	0	N	NA	NA
rs9480861	6	108858460	47	1	N	C	T	F	Y	N	N	NA	L	N	5.972521	4.54391810248325	1	0	0	1	N	NA	NA
rs197459	6	143083978	35	1	N	A	G	F	N	Y	Y	TORGP	D	N	15.424001	3.18709744914827	1	0	1	1	N	NA	NA
rs3924019	7	511203	76	1	Y	G	A	M	N	N	N	ORG	D	N	1.496915	NA	1	0	1	0	Y	NA	NA
rs10278217	7	22254262	14	1	N	G	A	M	Y	N	N	NA	D	N	3.428370	9.05030505537425	1	0	1	1	N	NA	NA
rs2519601	7	93364984	63	.5	N	C	A	M	Y	Y	N	TORSSgP	L	CO_cluster_A	0.202363	0.0426757708311243	.5	1	0	0	N	NA	11,18
rs2677071	7	93387256	63	.5	Y	G	A	M	N	N	N	TORSgP	L	CO_cluster_B	0.001408	0.0426757708311243	.5	1	0	0	N	NA	11,18
rs6963030	7	146791213	33	1	N	A	G	F	Y	Y	Y	TRSSGP	D	N	20.470011	8.67774619474346	1	0	0	0	N	NA	NA
rs19334	8	9009906	48	1	N	T	C	F	Y	Y	N	NA	L	N	0.960889	0.370120877121849	1	NA	0	0	N	NA	NA
rs850429	8	16877472	6	1	N	A	G	M	N	Y	Y	NA	D	N	22.016981	28.827977829647	1	0	1	1	N	NA	NA
rs13252794	8	22921931	29	.5	Y	T	C	F	Y	Y	N	TOGP	D	CO_cluster_A	1.198158	1.97255487585011	.5	0	0	0	N	NA	20
rs11135693	8	22925154	29	.5	Y	C	A	F	Y	N	N	TOGP	D	CO_cluster_B,Tract	1.145507	1.21364966188509	.5	0	0	0	N	NA	20
rs11135694	8	22925515	29	.5	Y	A	G	F	N	N	N	TOGP	D	CO_cluster_B,Tract	1.129192	1.13035807656487	0	0	0	0	N	NA	20
rs1531746	8	32119175	78	1	Y	T	C	M	Y	N	N	TOG	D	N	9.873400	8.70852297315139	1	0	0	1	N	6	NA
rs6998933	8	38808752	19	1	Y	G	A	F	Y	N	Y	ORS	D	N	14.032842	25.7100118347601	1	0	0	1	N	NA	NA
rs2513925	8	103701666	7	.5	N	A	G	F	Y	N	Y	NA	D	CO_cluster_A	2.506383	1.58379606259444	.5	0	0	0	N	NA	22
rs2513926	8	103704496	7	.5	Y	T	C	F	Y	Y	N	NA	D	CO_cluster_B	3.281211	1.58379606259444	.5	0	1	0	N	NA	22
rs12676425	8	143413857	81	1	N	A	C	F	Y	Y	N	TORSSg	D	N	0.530126	0.967863565310267	1	0	1	1	N	4	6
rs2148358	9	7385564	44	1	N	C	T	F	N	Y	N	NA	L	N	14.170579	10.4128370360392	1	NA	1	1	N	NA	NA
rs7855661	9	9499674	8	1	N	C	T	M	Y	Y	Y	NA	D	N	3.323471	6.23895184766248	1	0	0	1	N	NA	NA
rs1591033	9	21423394	23	1	Y	A	G	F	Y	Y	N	NA	D	N	2.243674	1.89969616006422	1	1	0	0	N	NA	NA
rs4842007	9	138474785	27	1	N	C	T	M	N	Y	N	NA	D	N	1.363656	NA	1	0	0	0	N	NA	NA
